,link,date,title
0,https://www.indiatvnews.com/delhi/delhi-crime-graph-tends-to-decline-police-says-rape-robbery-cases-dipped-in-2024-2025-01-11-970709,"January 11, 2025 15:58 IST","Delhi crime graph tends to decline, police says rape, robbery cases dipped in 2024 | DETAILS"
1,https://www.indiatvnews.com/crime/delhi-24-year-old-woman-found-dead-in-dabri-area-husband-absconding-police-investigation-latest-updates-2025-01-04-969426,"January 04, 2025 8:31 IST","Delhi: 24-year-old woman found dead in Dabri area, husband absconding"
2,https://www.indiatvnews.com/crime/delhi-23-year-old-man-stabbed-to-death-in-jahangirpuri-area-police-investigation-crime-news-latest-updates-2024-12-26-968086,"December 26, 2024 21:55 IST",Delhi: 23-year-old man stabbed to death in Jahangirpuri area
3,https://www.indiatvnews.com/delhi/delhi-gym-trainer-hit-with-five-bullets-as-shooters-open-fire-two-arrested-2024-12-12-965828,"December 12, 2024 11:17 IST","Delhi gym trainer hit with five bullets as shooters open fire, two arrested"
4,https://www.indiatvnews.com/crime/two-minors-murder-man-in-delhi-maujpur-for-rs-200-arrested-2024-12-12-965808,"December 12, 2024 7:31 IST","Two minors murder man in Delhi’s Maujpur for Rs 200, arrested"
5,https://www.indiatvnews.com/crime/neb-sarai-triple-murder-son-confesses-to-killing-parents-sister-in-south-delhi-home-2024-12-05-964775,"December 05, 2024 8:09 IST","Neb Sarai triple murder: Son confesses to killing parents, sister in south Delhi home"
6,https://www.indiatvnews.com/crime/delhi-police-constable-on-patrol-stabbed-to-death-in-govindpuri-accused-arrested-killed-in-encounter-latest-updates-2024-11-24-963134,"November 24, 2024 7:06 IST","Delhi Police constable stabbed to death in Govindpuri, two arrested, one killed in encounter"
7,https://www.indiatvnews.com/delhi/delhi-unidentified-assailants-open-fire-at-man-in-welcome-area-gunmen-killed-youth-police-investigation-bullet-injury-crime-news-latest-updates-2024-11-09-960826,"November 09, 2024 11:57 IST",Delhi: Three minors arrested after man shot dead in Welcome area
8,https://www.indiatvnews.com/crime/delhi-minor-girl-rescued-after-being-abducted-in-welcome-area-two-accused-beaten-by-locals-police-investigation-latest-updates-2024-11-06-960400,"November 06, 2024 14:41 IST","Delhi: Minor girl rescued after being abducted in Welcome area, two accused beaten by locals"
9,https://www.indiatvnews.com/delhi/delhi-55-year-old-woman-drugged-raped-by-man-in-safdarjung-enclave-police-investigation-crime-news-latest-updates-2024-10-02-955167,"October 02, 2024 22:19 IST","Delhi crime: 55-year-old woman drugged, raped by man in Safdarjung Enclave"
10,https://www.indiatvnews.com/delhi/delhi-group-of-friends-stab-16-year-old-to-death-in-full-public-view-for-denying-treat-for-new-phone-police-crime-news-latest-updates-2024-09-24-953747,"September 24, 2024 14:29 IST",Delhi: Class 9 students stab youth to death in full public view for denying treat for new phone
11,https://www.indiatvnews.com/crime/delhi-crime-21-year-old-man-stabs-colleague-her-parents-in-raghubir-nagar-area-police-investigation-latest-updates-2024-09-22-953420,"September 22, 2024 12:54 IST","Delhi crime: 21-year-old man stabs colleague, her parents in Raghubir Nagar area"
12,https://www.indiatvnews.com/crime/delhi-man-kills-wife-for-using-social-media-in-razapur-area-crime-news-police-investigation-latest-updates-2024-09-14-952086,"September 14, 2024 13:19 IST",Man kills wife for using social media in Delhi's Razapur area
13,https://www.indiatvnews.com/crime/delhi-crime-afghan-origin-man-nadir-shah-shot-dead-outside-gym-in-greater-kailash-police-investigation-rohit-godara-gang-involved-latest-updates-2024-09-13-951895,"September 13, 2024 13:52 IST","Afghan-origin man shot dead outside gym in Greater Kailash, Rohit Godara claims responsibility"
14,https://www.indiatvnews.com/crime/delhi-crime-oman-stabbed-to-death-by-brother-in-law-in-kapashera-area-extramarital-affair-police-statement-2024-09-12-951779,"September 12, 2024 14:41 IST","Delhi crime: Woman stabbed to death by brother-in-law in Kapashera area, accused still at large"
15,https://www.indiatvnews.com/crime/delhi-crime-man-stabs-wife-to-death-in-car-in-rajouri-garden-arrested-while-attempting-to-flee-latest-updates-2024-09-02-949935,"September 02, 2024 9:57 IST","Delhi crime: Man stabs wife to death in car in Rajouri Garden, arrested while attempting to flee"
16,https://www.indiatvnews.com/crime/delhi-teenage-boy-kills-father-for-beating-up-his-mother-in-rohini-16-year-old-minor-later-arrested-by-police-investigation-latest-updates-2024-08-25-948677,"August 25, 2024 20:11 IST","Delhi: Teenage boy kills father for beating up his mother in Rohini, arrested"
17,https://www.indiatvnews.com/crime/delhi-crime-news-husband-kills-38-year-old-wife-teenage-daughter-in-narela-area-police-investigation-latest-updates-2024-08-24-948526,"August 24, 2024 18:19 IST","Delhi: Husband kills wife, teenage daughter in Narela area"
18,https://www.indiatvnews.com/crime/delhi-35-year-old-woman-killed-by-her-two-brothers-over-multiple-affairs-suspicion-honour-killing-police-investigation-latest-updates-breaking-news-2024-08-22-948177,"August 22, 2024 17:13 IST",Delhi: 35-year-old woman killed by her brothers over suspicion of having multiple affairs
19,https://www.indiatvnews.com/crime/delhi-airhostess-dragged-molested-by-taxi-bike-rider-in-lutyens-delhi-saved-by-passersby-accused-arrested-crime-news-latest-updates-2024-08-13-946775,"August 13, 2024 20:37 IST","Airhostess dragged, molested by taxi bike rider in Lutyens' Delhi, saved by passersby"
20,https://www.indiatvnews.com/crime/delhi-temple-priest-sodomises-boy-forces-him-to-touch-private-parts-gets-15-years-of-rigorous-imprisonment-crime-news-latest-updates-2024-08-09-946113,"August 09, 2024 20:06 IST","Delhi: Priest sodomises boy, forces him to touch private parts; gets 15 years of imprisonment"
21,https://www.indiatvnews.com/news/india/delhi-crime-man-stabbed-to-death-by-four-juveniles-in-dwarka-detained-fir-registered-2024-08-09-946075,"India | August 09, 2024 17:02 IST","Delhi crime: 23-year-old man stabbed to death by four juveniles in Dwarka, detained"
22,https://www.indiatvnews.com/crime/delhi-30-year-old-man-stabbed-over-minor-issue-dwarka-bindapur-area-police-investigation-latest-updates-crime-news-2024-08-07-945719,"August 07, 2024 16:37 IST",Delhi: 30-year-old man stabbed over minor issue in Dwarka's Bindapur area
23,https://www.indiatvnews.com/crime/delhi-72-year-old-man-stabbed-to-death-at-his-house-in-new-ashok-nagar-retired-mtnl-mechanic-killed-police-investigation-latest-updates-2024-08-03-945095,"August 03, 2024 17:01 IST",Delhi: 72-year-old man stabbed to death at his house in New Ashok Nagar area
24,https://www.indiatvnews.com/crime/man-rapes-80-yearold-bedridden-woman-court-sentences-him-to-12-years-imprisonment-in-delhi-crime-latest-updates-2024-08-02-944973,"August 02, 2024 19:15 IST","Man rapes 80-year-old bedridden woman in Delhi, sentenced to 12 years imprisonment: 'She kept on...'"
25,https://www.indiatvnews.com/delhi/delhi-police-reshuffle-special-commissioner-level-transfers-announced-list-md-crime-branch-neeraj-thakur-devesh-srivastava-jaspal-singh-2024-08-01-944776,"August 01, 2024 18:43 IST",Delhi Police reshuffle: Special Commissioner-level transfers announced | Check list
26,https://www.indiatvnews.com/delhi/delhi-31-year-old-man-stabbed-to-death-by-neighbour-over-electricity-theft-in-trilokpuri-area-police-held-four-latest-updates-crime-news-2024-07-27-943896,"July 27, 2024 9:37 IST",Delhi: 31-year-old man stabbed to death by neighbour over electricity theft in Trilokpuri area
27,https://www.indiatvnews.com/crime/delhi-man-stabbed-to-death-by-four-over-old-enmity-in-rohini-police-latest-updates-2024-07-17-942183,"July 17, 2024 7:05 IST",22-year-old stabbed to death by four over old enmity in Delhi's Rohini
28,https://www.indiatvnews.com/delhi/delhi-patient-shot-dead-at-gtb-hospital-culprit-fled-from-spot-32-year-old-man-killed-police-probe-crime-news-investigation-latest-updates-2024-07-14-941772,"July 14, 2024 20:15 IST","Delhi: Patient shot dead inside GTB hospital, police probe underway"
29,https://www.indiatvnews.com/crime/delhi-man-arrested-for-filming-minor-girl-in-bathroom-pocso-act-slapped-kapashera-delhi-police-crime-news-latest-updates-2024-07-08-940804,"July 08, 2024 14:12 IST","Delhi: Man arrested for filming minor girl in bathroom, POCSO Act slapped"
30,https://www.indiatvnews.com/crime/delhi-minor-girl-gangraped-murdered-in-narela-area-police-apprehends-two-investigation-crime-news-latest-updates-2024-06-28-939282,"June 28, 2024 18:31 IST","Delhi: Minor girl gang-raped and murdered in Narela area, police apprehends two"
31,https://www.indiatvnews.com/crime/delhi-woman-hires-goons-to-burn-ex-boyfriend-face-with-acid-attack-arrested-henchmen-graphic-designer-police-crime-latest-updates-2024-06-24-938597,"June 24, 2024 21:19 IST","Delhi woman hires goons to burn ex-boyfriend’s face with acid attack, arrested with accomplice"
32,https://www.indiatvnews.com/delhi/delhi-police-arrests-tillu-tajpuriya-gang-shooter-from-rohini-encounter-investigation-crime-news-latest-updates-2024-06-20-937945,"June 20, 2024 20:26 IST",Delhi Police arrests Tillu Tajpuriya gang shooter from Rohini
33,https://www.indiatvnews.com/crime/delhi-crime-man-kills-daughter-for-wanting-to-marry-outside-of-caste-in-rohini-arrested-chandpur-village-kanjhawala-police-statement-2024-06-17-937398,"June 17, 2024 19:00 IST","Delhi SHOCKER: Man kills daughter for wanting to marry outside of caste in Rohini, arrested"
34,https://www.indiatvnews.com/crime/delhi-cab-driver-stabbed-to-death-in-shastri-park-area-28-year-old-man-killed-police-investigation-latest-updates-2024-05-31-934362,"May 31, 2024 11:54 IST",Delhi: 28-year-old cab driver stabbed to death in Shastri Park area
35,https://www.indiatvnews.com/crime/delhi-34-year-old-prisoner-released-on-parole-shot-dead-in-jafrabad-area-stabbed-multiple-times-police-investigation-latest-updates-2024-05-11-930734,"May 11, 2024 7:24 IST","Delhi: 34-year-old prisoner, released on parole, shot dead in Jafrabad"
36,https://www.indiatvnews.com/crime/delhi-man-dead-stabbed-by-friend-over-common-love-interest-in-mahindra-park-latest-2024-04-29-928495,"April 29, 2024 7:41 IST","Delhi: Man, stabbed by friend over common love interest in Mahindra Park, dies"
37,https://www.indiatvnews.com/crime/delhi-woman-shot-dead-by-minor-in-jahanhirpuri-over-refusal-of-daughter-relationship-latest-updates-2024-04-27-928279,"April 27, 2024 13:51 IST",Delhi woman shot dead by minor in Jahanhirpuri over refusal of daughter's relationship
38,https://www.indiatvnews.com/crime/delhi-two-men-stabbed-to-death-after-argument-over-cigarettes-three-arrested-crime-news-latest-updates-2024-04-26-928225,"April 26, 2024 23:29 IST","Delhi: Two men stabbed to death after argument over cigarettes, three arrested"
39,https://www.indiatvnews.com/delhi/delhi-five-people-including-juvenile-held-for-beating-14-year-old-boy-to-death-in-narela-delhi-police-crime-news-latest-updates-2024-04-19-927080,"April 19, 2024 21:24 IST","Delhi: Five people, including juvenile, held for beating 14-year-old boy to death in Narela"
40,https://www.indiatvnews.com/delhi/delhi-29-year-old-woman-dies-by-suicide-after-jumping-from-pg-building-in-mukherjee-nagar-area-latest-updates-2024-04-17-926724,"April 17, 2024 19:50 IST",Delhi: 29-year-old woman dies by suicide after jumping from PG building in Mukherjee Nagar
41,https://www.indiatvnews.com/crime/delhi-girl-stabs-neighbour-to-death-over-using-water-from-common-tap-apprehended-delhi-police-crime-news-latest-updates-2024-04-14-926281,"April 14, 2024 23:26 IST","Delhi: Girl stabs neighbour to death over using water from common tap, apprehended"
42,https://www.indiatvnews.com/crime/delhi-teen-kills-youth-for-refusing-to-give-matchbox-to-light-cigarettes-juvenile-apprehended-delhi-police-crime-news-latest-updates-2024-04-07-925142,"April 07, 2024 18:29 IST",Delhi: Teen stabs youth to death for refusing to give matchbox to light cigarettes
43,https://www.indiatvnews.com/delhi/delhi-42-year-old-man-kills-wife-four-year-old-daughter-hangs-himself-in-nihal-vihar-area-police-investigation-suicide-latest-crime-updates-2024-04-05-924836,"April 05, 2024 15:59 IST","Delhi: 42-year-old man kills wife and daughter, later hangs himself in Nihal Vihar area"
44,https://www.indiatvnews.com/crime/delhi-man-rapes-teenage-daughter-impregnates-her-court-sentences-him-to-life-imprisonment-crime-news-latest-updates-2024-03-29-923735,"March 29, 2024 19:13 IST","Man rapes teenage daughter, impregnates her, Delhi court sentences him to life imprisonment"
45,https://www.indiatvnews.com/crime/delhi-drunk-man-chases-wife-over-domestic-row-stabs-sister-in-law-in-neck-instead-in-alipur-crime-news-latest-updates-2024-03-19-922138,"March 19, 2024 7:32 IST","Delhi: Drunk man chases wife over domestic row, stabs sister-in-law in neck instead in Alipur"
46,https://www.indiatvnews.com/crime/delhi-father-arrested-for-stabbing-gym-trainer-son-to-death-on-wedding-eve-says-no-regrets-should-have-done-it-earlier-delhi-police-crime-news-updates-2024-03-08-920467,"March 08, 2024 12:58 IST","Delhi: Father arrested for hacking gym trainer son to death, says ‘no regrets, should have...'"
47,https://www.indiatvnews.com/crime/delhi-police-busts-sextortion-racket-two-mewati-accused-arrested-25-linked-cases-dcp-east-apoorva-gupta-statement-latest-updates-2024-03-07-920286,"March 07, 2024 12:23 IST","Delhi Police busts sextortion racket, two Mewati accused arrested"
48,https://www.indiatvnews.com/delhi/delhi-police-seize-car-after-man-performs-reckless-stunts-on-najafgarh-rajouri-route-video-went-viral-investigation-on-rwa-complaint-latest-updates-2024-03-06-920139,"March 06, 2024 12:55 IST",VIDEO: Delhi Police seize car after man performs reckless stunts on Najafgarh-Rajouri route go viral
49,https://www.indiatvnews.com/delhi/delhi-woman-burnt-alive-by-husband-after-dispute-in-rohini-delhi-police-crime-news-stories-latest-updates-2024-03-05-920060,"March 05, 2024 22:57 IST",Delhi: Woman burnt alive by husband after dispute in Rohini
50,https://www.indiatvnews.com/delhi/delhi-crime-two-men-shot-dead-multiple-times-inside-salon-najafgarh-area-30-year-old-man-killed-point-blank-range-latest-updates-police-investigation-2024-02-09-916135,"February 09, 2024 21:21 IST",Delhi crime: Two men shot dead inside salon in Najafgarh area
51,https://www.indiatvnews.com/crime/delhi-teenage-girl-gangraped-by-social-media-friends-18-yr-old-sexually-assaulted-accused-nabbed-meerut-uttar-pradesh-latest-crime-update-police-probe-2024-02-02-914968,"February 02, 2024 19:57 IST","Delhi: Teenage girl gangraped by social media friends, accused nabbed from UP's Meerut"
52,https://www.indiatvnews.com/crime/delhi-news-30-year-old-man-stabbed-multiple-times-by-minor-over-liquor-in-sangam-vihar-police-investigation-latest-updates-2024-01-31-914647,"January 31, 2024 20:16 IST",Delhi news: Man stabbed multiple times by minor over liquor in Sangam Vihar
53,https://www.indiatvnews.com/crime/delhi-woman-brutally-killed-by-partner-on-suspicion-of-multiple-affairs-over-20-cuts-found-on-body-delhi-police-crime-news-stories-latest-updates-2024-01-30-914302,"January 30, 2024 8:15 IST","Delhi: Woman brutally killed by partner on suspicion of multiple affairs, over 20 cuts found on body"
54,https://www.indiatvnews.com/crime/delhi-20-year-old-man-forced-to-have-unnatural-sex-kills-friend-crushes-his-face-arrested-delhi-police-crime-news-stories-latest-updates-2024-01-30-914292,"January 30, 2024 7:23 IST","Delhi: 20-year-old forced to have unnatural sex, kills friend, crushes his face, arrested | DETAILS"
55,https://www.indiatvnews.com/delhi/body-of-delhi-acp-son-pushed-into-haryana-canal-recovered-main-accused-arrested-delhi-police-latest-updates-2024-01-29-914160,"January 29, 2024 10:24 IST","Body of Delhi ACP's son, pushed into Haryana canal, recovered; main accused arrested"
56,https://www.indiatvnews.com/delhi/delhi-acp-son-pushed-into-haryana-canal-by-friends-over-financial-dispute-one-held-search-launched-to-nab-another-accused-updates-2024-01-27-913896,"January 27, 2024 9:49 IST","Delhi ACP’s son pushed into Haryana canal by friends over financial dispute, one held"
57,https://www.indiatvnews.com/crime/delhi-man-stabs-19-year-old-pregnant-partner-slashes-her-neck-with-blade-after-she-refuses-to-abort-pregnancy-delhi-police-crime-news-latest-updates-2024-01-14-911735,"January 14, 2024 8:46 IST","Delhi: Man stabs pregnant partner, slashes neck with blade after she refuses abortion | DETAILS"
58,https://www.indiatvnews.com/crime/delhi-man-asks-for-extra-momo-chutney-vendor-stabs-him-in-face-twice-with-intent-to-murder-crime-news-stories-latest-updates-2024-01-12-911448,"January 12, 2024 7:03 IST","Delhi: Man asks for extra momo chutney, vendor stabs him in face brutally ‘with intent to murder’"
59,https://www.indiatvnews.com/delhi/delhi-12-year-old-girl-gang-raped-by-four-including-three-minors-tea-seller-women-arrested-sadar-bazar-area-police-probe-latest-updates-2024-01-07-910651,"January 07, 2024 14:36 IST","Delhi: 12-year-old girl gang-raped by four, including three minors in Sadar Bazar area"
60,https://www.indiatvnews.com/crime/delhi-crime-food-delivery-agent-set-ablaze-blames-woman-he-proposed-for-marriage-before-death-delhi-police-latest-updates-2024-01-07-910620,"January 07, 2024 8:05 IST","Delhi: Food delivery agent set ablaze, blames woman he proposed for marriage before death"
61,https://www.indiatvnews.com/delhi/delhi-video-suv-swerves-hit-people-quarrel-over-rs-5-signature-bridge-police-investigation-caught-on-cam-watch-latest-updates-2024-01-03-910076,"January 03, 2024 11:55 IST",WATCH VIDEO: SUV swerves to hit people after quarrel over Rs 5 near Signature Bridge in Delhi
62,https://www.indiatvnews.com/crime/delhi-man-stabbed-to-death-financial-dispute-bindapur-area-police-held-accused-murder-investigation-latest-crime-updates-2024-01-03-910049,"January 03, 2024 8:08 IST","Delhi: Man stabbed to death over financial dispute in Bindapur area, police held accused"
63,https://www.indiatvnews.com/delhi/delhi-man-stabs-uncle-to-death-over-property-dispute-in-nangloi-arrested-police-crime-news-updates-2023-12-25-908888,"December 25, 2023 18:43 IST","Delhi: Man stabs uncle to death over property dispute in Nangloi, arrested"
64,https://www.indiatvnews.com/delhi/delhi-25-year-old-man-stabbed-to-death-in-revenge-of-sexual-exploitation-police-half-burnt-body-recovered-in-park-crime-news-latest-updates-2023-12-24-908787,"December 24, 2023 19:17 IST","Delhi: 25-year-old man stabbed to death in revenge of sexual exploitation, half-burnt body recovered"
65,https://www.indiatvnews.com/crime/delhi-elderly-woman-body-found-wrapped-in-plastic-inside-bed-box-police-crime-scene-news-latest-updates-2023-12-16-907520,"December 16, 2023 7:22 IST",Delhi: Elderly woman’s body found wrapped in plastic inside bed box
66,https://www.indiatvnews.com/crime/delhi-crime-man-stabbed-multiple-times-in-adarsh-nagar-horrific-video-surfaces-police-investigation-injuries-death-updates-2023-12-02-905396,"December 02, 2023 14:24 IST","Delhi: Three attackers chase man in Adarsh Nagar, stab him multiple times in horrific video"
67,https://www.indiatvnews.com/crime/delhi-crime-man-stabs-woman-multiple-times-on-head-face-in-shastri-park-area-arrested-bihar-kishanganj-latest-updates-2023-11-27-904556,"November 27, 2023 8:31 IST","Delhi: Upset with woman’s marriage, man stabs her multiple times on face in Shastri Park, arrested"
68,https://www.indiatvnews.com/crime/delhi-woman-bites-off-husband-ear-in-sultanpuri-fir-registered-latest-updates-2023-11-26-904531,"November 26, 2023 22:21 IST","Shocking: Delhi woman bites off husband's ear in Sultanpuri, FIR registered"
69,https://www.indiatvnews.com/crime/delhi-crime-man-opens-fire-in-tilak-nagar-market-two-injured-delhi-police-arrest-murthal-sonipat-latest-updates-2023-11-22-903816,"November 22, 2023 6:47 IST","Delhi: Man opens fire in Tilak Nagar market due to ‘personal enmity’, arrested"
70,https://www.indiatvnews.com/crime/delhi-man-stabs-children-attempts-suicide-in-bharat-nagar-area-delhi-police-crime-stories-latest-updates-2023-11-21-903700,"November 21, 2023 13:23 IST",Delhi: Two-year-old dies after father stabs children in Bharat Nagar area
71,https://www.indiatvnews.com/crime/delhi-crime-17-year-old-boy-stabs-another-teenager-to-death-apprehended-juvenile-home-police-latest-updates-2023-11-19-903350,"November 19, 2023 6:50 IST","Delhi: Released from juvenile home a month ago, 17-yr-old stabs another teen to death, apprehended"
72,https://www.indiatvnews.com/delhi/delhi-road-rage-turns-ugly-khayala-area-car-driver-bites-off-portion-of-man-finger-police-investigation-latest-updates-2023-11-18-903230,"November 18, 2023 7:52 IST","Delhi: Road rage turns ugly in Khayala area, car driver bites off portion of man's finger"
73,https://www.indiatvnews.com/crime/delhi-crime-student-finger-chopped-for-talking-with-female-classmate-dwarka-south-police-case-latest-updates-2023-11-11-902248,"November 11, 2023 6:51 IST",Delhi: Student’s finger chopped for talking with female classmate
74,https://www.indiatvnews.com/crime/delhi-jewellery-shop-robbed-on-gunpoint-in-karawal-nagar-fleeing-robber-subdued-police-investigation-latest-updates-2023-11-01-900611,"November 01, 2023 10:47 IST","Delhi: Jewellery shop robbed on gunpoint in Karawal Nagar, fleeing robber nabbed | VIDEO"
75,https://www.indiatvnews.com/delhi/delhi-woman-shot-dead-over-love-afffair-jaitpur-police-crime-latest-updates-2023-10-28-900070,"October 28, 2023 19:17 IST","Delhi: Woman shot dead in front of family over love affair in Jaitpur, attacker arrested"
76,https://www.indiatvnews.com/delhi/delhi-swiss-woman-murdered-body-with-hands-and-legs-tied-found-tilak-nagar-accused-arrested-delhi-police-crime-latest-updates-2023-10-21-898929,"October 21, 2023 14:29 IST","Delhi: Swiss woman murdered, body with hands and legs tied found, accused arrested"
77,https://www.indiatvnews.com/delhi/delhi-police-special-cell-team-attacked-manhandled-during-raid-in-kapashera-s-samalkhan-locality-illegal-drugs-supply-case-crime-updates-2023-10-20-898818,"October 20, 2023 17:12 IST",Delhi Police Special Cell team attacked during raid to nab accused in illegal drugs supply case
78,https://www.indiatvnews.com/delhi/delhi-52-year-old-man-kills-wife-ambedkar-nagar-fight-over-going-out-for-work-police-investigation-probe-domestic-violence-latest-updates-2023-10-19-898638,"October 19, 2023 17:03 IST",Delhi: 52-year-old man kills wife in Ambedkar Nagar after fight over her going out for work
79,https://www.indiatvnews.com/crime/delhi-crime-woman-stabbed-multiple-times-by-man-in-lado-sarai-cab-driver-catches-accused-police-2023-10-12-897541,"October 12, 2023 22:45 IST","Delhi Shocker: Woman brutally stabbed multiple times by man in Lado Sarai, accused nabbed"
80,https://www.indiatvnews.com/delhi/delhi-ncb-constable-wife-two-children-found-dead-munirka-area-latest-updates-police-investigation-suicide-2023-10-08-896859,"October 09, 2023 6:24 IST","Delhi: NCB constable's wife, his two children found dead in Munirka area"
81,https://www.indiatvnews.com/delhi/delhi-police-ex-cop-murdered-three-arrested-delhi-police-crime-latest-updates-2023-10-01-895695,"October 01, 2023 22:08 IST",Three arrested for killing ex-Delhi Police cop who went missing two years ago
82,https://www.indiatvnews.com/video/shorts/delhi-boy-stabbed-to-death-at-sangam-vihar-2023-09-11-892112,"September 11, 2023 17:26 IST",Delhi Boy Stabbed to Death at Sangam Vihar
83,https://www.indiatvnews.com/delhi/delhi-man-stabs-wife-to-death-over-suspicion-of-cheating-jafrabad-daughter-injured-arrested-police-latest-updates-2023-09-11-892010,"September 11, 2023 10:49 IST","Delhi man stabs wife to death over suspicion of cheating in Jafrabad, 11-year-old daughter injured"
84,https://www.indiatvnews.com/delhi/delhi-man-found-dead-slit-throat-deep-neck-injuries-jamia-nagar-batla-house-police-probe-investigation-cctv-latest-updates-2023-08-31-889911,"August 31, 2023 6:48 IST","Delhi: Man found dead with slit throat in Jamia Nagar, police probe underway"
85,https://www.indiatvnews.com/delhi/delhi-man-killed-injured-unknown-assailants-open-fire-bhajanpura-area-murder-firing-police-investigation-cctv-footage-latest-updates-2023-08-30-889736,"August 30, 2023 13:36 IST","Delhi: Amazon manager shot dead by unknown assailants in Bhajanpura area, Maya gang suspected"
86,https://www.indiatvnews.com/delhi/delhi-man-chops-off-wife-hands-flees-hotel-adarsh-nagar-latest-updates-police-investigation-2023-08-26-889037,"August 26, 2023 14:40 IST","Delhi: Man chops off wife's hands, flees hotel in Adarsh Nagar"
87,https://www.indiatvnews.com/delhi/delhi-knife-attack-one-dead-two-injured-stabbing-incident-police-investigation-law-and-order-latest-updates-2023-08-19-887613,"August 19, 2023 13:28 IST","Delhi: 1 dead, 2 injured in knife attack by robbers in Welcome area"
88,https://www.indiatvnews.com/delhi/delhi-crime-woman-shot-dead-in-dabri-police-accused-teams-formed-investigation-arrest-law-and-order-updates-2023-07-27-883407,"July 27, 2023 23:07 IST",Delhi: 42-year-old woman shot dead near her house in Dabri
89,https://www.indiatvnews.com/delhi/delhi-brothers-stab-man-to-death-police-investigation-safdarjung-hospital-crime-latest-updates-2023-07-24-882753,"July 24, 2023 16:11 IST","Delhi: Enraged over 'slap', brothers stab man to death in Jaitpur"
90,https://www.indiatvnews.com/delhi/delhi-crime-bihar-worker-stabbed-to-death-pul-prahladpur-police-3-arrested-rajasthan-uttar-pradesh-latest-updates-2023-07-14-881099,"July 14, 2023 18:04 IST","Delhi: Bihar worker stabbed to death in Pul Prahladpur, 3 arrested"
91,https://www.indiatvnews.com/crime/delhi-police-busts-gang-involved-in-atm-thefts-arrested-sarai-rohilla-police-station-area-2023-07-11-880422,"July 11, 2023 9:09 IST","Delhi Police busts gang involved in ATM thefts, 5 arrested"
92,https://www.indiatvnews.com/delhi/delhi-man-stabbed-to-death-in-sarai-rohilla-2-arrested-2023-07-08-880011,"July 08, 2023 18:37 IST","Delhi: Man stabbed to death in Sarai Rohilla, 2 arrested"
93,https://www.indiatvnews.com/delhi/delhi-youth-stabbed-northeast-brijpuri-police-probe-investigation-latest-crime-updates-dayalpur-area-2023-06-24-877589,"June 24, 2023 13:31 IST","Delhi: Youth stabbed in northeast Brijpuri, police probe underway"
94,https://www.indiatvnews.com/delhi/delhi-crime-incidents-murder-police-man-stabbed-to-death-in-wazirabad-arvind-kejriwal-lg-vk-saxena-war-of-wards-updates-2023-06-23-877500,"June 23, 2023 17:47 IST","Delhi: Man stabbed to death in Wazirabad, accused arrested"
95,https://www.indiatvnews.com/politics/national/delhi-lg-letter-to-kejriwal-crime-murder-incidents-police-investigation-aap-bjp-latest-updates-2023-06-21-877090,"Politics | June 21, 2023 11:38 IST",'Politicizing crime has almost become habit these days...': Delhi LG responds to Kejriwal's letter
96,https://www.indiatvnews.com/delhi/delhi-five-star-hotel-man-stays-for-two-years-no-payment-fir-police-investigation-crime-latest-updates-2023-06-21-877083,"June 21, 2023 10:51 IST","Delhi: Man stays in five-star hotel for two years, walks out without making payment; FIR filed"
97,https://www.indiatvnews.com/delhi/delhi-body-of-unidentified-man-found-on-burari-flyover-police-probe-underway-latest-updates-crime-news-today-2023-06-09-875153,"June 09, 2023 19:52 IST","Delhi: Body of unidentified man found on Burari flyover, probe underway"
98,https://www.indiatvnews.com/delhi/delhi-70-year-old-woman-killed-two-others-injured-by-armed-robbers-in-maujpur-area-crime-news-latest-updates-video-photo-police-investigation-2023-06-08-874976,"June 08, 2023 20:33 IST","Delhi: 70-year-old woman killed, two others injured by armed robbers in Maujpur area"
99,https://www.indiatvnews.com/delhi/shahbad-dairy-murder-case-knife-used-by-accused-sahil-to-kill-sakshi-recovered-by-delhi-police-latest-updates-2023-06-02-873880,"June 02, 2023 11:07 IST",Shahbad Dairy murder case: Delhi police recovers knife used by accused Sahil to kill 16-yr-old girl
100,https://www.indiatvnews.com/news/india/delhi-shahbad-dairy-murder-case-live-updates-accused-sahil-kills-sakshi-police-crime-scene-weapon-investigation-underway-2023-06-01-873681,"India | June 01, 2023 19:24 IST",Delhi Shahbad Dairy murder case: Court extends accused Sahil's police custody for 3 more days
101,https://www.indiatvnews.com/delhi/delhi-shahbad-murder-case-live-updates-accused-sahil-delhi-crime-news-bulandshahr-police-uttar-pradesh-sakshi-stabbing-cctv-footage-2023-05-31-873473,"June 29, 2023 13:12 IST",Delhi Shahabad murder case | HIGHLIGHTS
102,https://www.indiatvnews.com/delhi/delhi-16-year-old-girl-stabbed-to-death-in-shahbad-dairy-area-latest-updates-2023-05-29-873125,"May 29, 2023 14:34 IST",Delhi: 16-year-old girl stabbed to death in Shahbad Dairy area in full public view
103,https://www.indiatvnews.com/delhi/delhi-woman-beats-elderly-mother-in-law-to-death-using-frying-pan-in-neb-sarai-police-cctv-camera-antemortem-injuries-2023-05-10-869842,"May 10, 2023 13:23 IST",Delhi shocker: Woman brutally beats elderly mother-in-law to death using frying pan in Neb Sarai
104,https://www.indiatvnews.com/delhi/delhi-hookah-bar-firing-in-govindpuri-minor-killed-injured-juvenile-suspect-identified-police-latest-update-2023-05-06-869211,"May 06, 2023 18:36 IST","Delhi: Minor killed, 1 injured in firing at Hookah bar in Govindpuri; juvenile suspect identified"
105,https://www.indiatvnews.com/delhi/man-out-on-parole-held-for-killing-live-in-partner-3-more-suspects-arrested-delhi-crime-branch-rohina-naaz-vineet-panwar-2023-04-29-867849,"April 29, 2023 17:27 IST","Delhi crime: Man out on parole held for killing live-in partner, 3 more suspects arrested"
106,https://www.indiatvnews.com/video/news/delhi-saket-court-news-bullet-fired-in-court-security-exposed-2023-04-21-865574,"News | April 21, 2023 20:36 IST","Delhi Saket Court News: Bullet fired in court, security exposed"
107,https://www.indiatvnews.com/delhi/mea-s-deputy-secretary-robbed-in-south-delhi-as-thief-breaks-car-s-window-to-steal-laptop-other-belongings-2023-03-28-858285,"March 28, 2023 13:01 IST",Delhi: MEA's Deputy Secy robbed as thief breaks car's window to steal laptop & other belongings
108,https://www.indiatvnews.com/entertainment/ott/delhi-crime-mismatched-kota-factory-fabulous-lives-of-bollywood-wives-netflix-announces-third-seasons-2023-03-15-854626,"March 15, 2023 6:36 IST","Delhi Crime, Mismatched to Kota Factory: Netflix announces third seasons of THESE series"
109,https://www.indiatvnews.com/video/news/satish-kaushik-s-demise-news-satish-kaushik-who-tickled-millions-of-people-on-the-big-screen-2023-03-12-853929,"News | March 12, 2023 15:56 IST","Satish Kaushik's Demise News: Satish Kaushik, who tickled millions of people on the big screen."
110,https://www.indiatvnews.com/delhi/delhi-man-stabbed-to-death-by-sister-ex-husband-in-kalyanpuri-latest-updates-2023-03-11-853827,"March 11, 2023 23:19 IST",Delhi: Man stabbed to death by sister's ex-husband in Kalyanpuri
111,https://www.indiatvnews.com/video/news/firing-on-a-minor-girl-in-delhi-s-nandnagari-kasim-who-lives-in-the-neighbourhood-entered-the-house-and-shot-2023-03-07-852665,"News | March 07, 2023 8:41 IST","Firing on a minor girl in Delhi's Nandnagari. Kasim, lives in the neighbourhood, entered the house"
112,https://www.indiatvnews.com/crime/nikki-yadav-murder-case-accused-sahil-gehlot-father-virender-singh-among-five-arrested-delhi-police-latest-updates-crime-news-2023-02-18-848217,"February 18, 2023 13:03 IST",Nikki Yadav murder case: Accused Sahil Gehlot's father among 5 arrested by Delhi Police | DETAILS
113,https://www.indiatvnews.com/delhi/delhi-man-son-shot-at-over-parking-dispute-in-yamuna-vihar-probe-underway-delhi-police-quarrel-between-two-groups-latest-updates-arif-virendra-2023-02-17-847951,"February 17, 2023 11:40 IST","Delhi: Man, son shot at over 'parking dispute' in Yamuna Vihar, probe underway"
114,https://www.indiatvnews.com/video/aaj-ki-baat/aaj-ki-baat-a-dead-body-was-found-in-the-fridge-did-the-killer-kill-her-to-marry-someone-else-2023-02-15-847570,"Aaj Ki Baat | February 15, 2023 23:31 IST",Aaj Ki Baat: A dead body was found in the fridge..did the killer kill her to marry someone else?
115,https://www.indiatvnews.com/delhi/news-delhi-accountant-arrested-for-stalking-threatening-ex-fiance-latest-updates-2023-01-30-843332,"January 30, 2023 14:04 IST","Delhi accountant arrested for stalking, threatening ex-fiance"
116,https://www.indiatvnews.com/video/aaj-ki-baat/aaj-ki-baat-why-is-the-delhi-police-avoiding-questions-on-the-kanjhawala-case-2023-01-03-836321,"Aaj Ki Baat | January 03, 2023 23:09 IST",Aaj Ki Baat: Why is the Delhi Police avoiding questions on the Kanjhawala Case?
117,https://www.indiatvnews.com/video/news/muqabla-delhi-police-confirms-anjali-singh-killed-in-accident-rules-out-all-other-theories-2023-01-03-836276,"News | January 03, 2023 22:01 IST",Muqabla: Delhi Police confirms Anjali Singh killed in 'accident'; rules out all other theories
118,https://www.indiatvnews.com/news/india/kanjhawala-incident-timeline-of-events-what-happened-so-far-2023-01-03-836119,"India | January 03, 2023 10:53 IST",Kanjhawala girl death case: What we know so far
119,https://www.indiatvnews.com/video/hakikat-kya-hai/haqiqat-kya-hai-woman-dies-after-car-hits-her-scooty-drags-it-for-few-kms-in-kanjhawala-2023-01-01-835805,"Hakikat Kya Hai | January 01, 2023 22:48 IST","Haqiqat Kya Hai: Woman dies after car hits her scooty, drags it for few kms in Kanjhawala"
120,https://www.indiatvnews.com/video/news/delhi-kanjhawala-accident-delhi-reported-a-shocking-incident-today-delhi-police-kejriwal-2023-01-01-835793,"News | January 01, 2023 23:23 IST",Delhi Kanjhawala Accident: Delhi reported a shocking incident today | Delhi Police | Kejriwal
121,https://www.indiatvnews.com/video/news/woman-dies-after-dragged-for-4-kms-by-car-in-sultanpuri-5-apprehended-2023-01-01-835777,"News | January 01, 2023 23:20 IST","Woman dies after dragged for 4 kms by car in Sultanpuri, 5 apprehended"
122,https://www.indiatvnews.com/entertainment/ott/delhi-crime-season-2-darlings-to-cat-top-2022-hindi-movies-and-shows-to-watch-on-netflix-2022-12-25-833979,"December 25, 2022 14:56 IST","Delhi Crime Season 2, Darlings to CAT: Top 2022 Hindi movies and shows to watch on Netflix"
123,https://www.indiatvnews.com/news/india/delhi-man-throws-2-year-old-son-from-first-floor-of-building-attempts-suicide-2022-12-17-831914,"India | December 17, 2022 12:44 IST","Delhi: Man throws 2-year-old son from first floor of building, attempts suicide"
124,https://www.indiatvnews.com/news/india/nirbhaya-case-swati-maliwal-seeks-suspension-of-parliamentary-business-on-10th-anniversary-2022-12-16-831608,"India | December 16, 2022 20:34 IST",10 years since Nirbhaya: Maliwal seeks suspension of parliamentary business to discuss women safety
125,https://www.indiatvnews.com/crime/pandav-nagar-murder-case-cctv-video-woman-poonam-says-son-deepak-killed-husband-ajnan-das-delhi-police-crime-branch-updates-2022-11-28-827144,"November 28, 2022 16:01 IST","Pandav Nagar murder: 'I didn't do it, my son killed him...', says woman accused of murdering husband"
126,https://www.indiatvnews.com/crime/shraddha-murder-case-aftab-poonawala-has-never-confessed-to-killing-her-in-court-of-law-says-his-lawyer-latest-updates-2022-11-22-825716,"November 22, 2022 19:36 IST","Shraddha murder: Aftab has never confessed to killing her in court of law, says his lawyer"
127,https://www.indiatvnews.com/crime/shraddha-walkar-murder-case-aftab-poonawala-shifted-37-boxes-from-maharashtra-to-delhi-live-in-partner-murder-mehrauli-killing-2022-11-21-825421,"November 21, 2022 17:02 IST","Weeks after Shraddha's murder, Poonawala moved 37 boxes from Vasai to Delhi | Details"
128,https://www.indiatvnews.com/crime/shraddha-walker-murder-case-aftab-used-to-see-her-face-after-keeping-head-in-fridge-live-in-murder-delhi-police-latest-updates-2022-11-15-824000,"November 18, 2022 16:14 IST","Shraddha Walker murder case: 'Aftab used to see her face after keeping head in fridge', says report"
129,https://www.indiatvnews.com/crime/delhi-shraddha-walker-live-in-murder-aftab-poonawala-35-pieces-dexter-delhi-police-latest-updates-2022-11-14-823804,"November 18, 2022 16:14 IST","Delhi live-in murder: TV show 'Dexter', new fridge, agarbatti - How accused Aftab covered gory crime"
130,https://www.indiatvnews.com/entertainment/ott/darlings-delhi-crime-to-mai-celebrate-hindi-diwas-by-watching-your-favourite-hindi-films-series-2022-09-14-808156,"September 14, 2022 12:47 IST","Darlings, Delhi Crime to Mai: Celebrate 'Hindi Diwas' by watching your favourite Hindi films, series"
131,https://www.indiatvnews.com/news/india/delhi-friend-stabs-attacks-over-argument-about-girl-killed-injured-casualties-latest-updates-police-investigation-malkaganj-2022-09-12-807445,"India | September 12, 2022 6:57 IST","Delhi horror! One dead, another injured after friend stabs them over argument about a girl"
132,https://www.indiatvnews.com/entertainment/ott/ott-movies-and-web-shows-releasing-this-weekend-aug-26-delhi-crime-s2-criminal-justice-s3-netflix-2022-08-25-802885,"August 27, 2022 12:04 IST","OTT Movies and Web Shows Releasing This Weekend (Aug 26): Delhi Crime S2, Criminal Justice S3 & more"
133,https://www.indiatvnews.com/crime/two-bangladeshi-nationals-mostafa-husain-held-in-delhi-with-nearly-dozen-passports-ahead-of-independence-day-2022-latest-updates-delhi-police-security-2022-08-14-799882,"August 14, 2022 13:30 IST",Independence Day 2022: Two Bangladeshi nationals held in Delhi with nearly dozen passports | DETAILS
134,https://www.indiatvnews.com/crime/delhi-man-opens-fire-injures-3-kids-at-birthday-party-arrested-2022-08-08-798433,"August 08, 2022 23:50 IST","Delhi man opens fire, injures 3 kids at birthday party; arrested"
135,https://www.indiatvnews.com/entertainment/ott/delhi-crime-season-2-trailer-dcp-vartika-chaturvedi-aka-shefali-shah-back-to-nab-serial-killer-gang-2022-08-08-798322,"August 08, 2022 14:05 IST",Delhi Crime season 2 trailer: DCP Vartika Chaturvedi aka Shefali Shah back to nab serial-killer gang
136,https://www.indiatvnews.com/entertainment/ott/darlings-mai-to-delhi-crime-powerful-shows-on-ott-that-are-shining-examples-of-women-power-2022-08-04-797373,"August 04, 2022 14:01 IST","Darlings, Mai to Delhi Crime: Powerful shows on OTT, that are shining examples of women power"
137,https://www.indiatvnews.com/entertainment/ott/delhi-crime-season-2-dcp-vartika-chaturvedi-aka-shefali-shah-returns-with-new-serial-killer-case-2022-07-23-794237,"July 23, 2022 8:14 IST",Delhi Crime season 2: DCP Vartika Chaturvedi aka Shefali Shah returns with new 'serial killer' case
138,https://www.indiatvnews.com/crime/delhi-minor-raped-acid-poured-into-her-mouth-factory-manager-women-commission-writes-to-police-2022-07-17-792686,"July 17, 2022 9:39 IST","Delhi: Minor raped by factory manager, acid poured into her mouth; NCW writes to Police"
139,https://www.indiatvnews.com/crime/delhi-minors-fire-at-man-in-jahangirpuri-revenge-police-investigation-latest-updates-crime-2022-07-16-792490,"July 16, 2022 12:10 IST","Delhi: In order to take 'revenge', 4 minor boys fire at man in Jahangirpuri | VIDEO"
140,https://www.indiatvnews.com/crime/delhi-murder-adarsh-nagar-youth-killed-stabbed-head-smashed-with-bricks-broad-daylight-2022-06-04-781892,"June 04, 2022 12:47 IST","Delhi: Gruesome murder caught on CCTV, man stabbed, head smashed with bricks | WATCH"
141,https://www.indiatvnews.com/entertainment/ott/stranger-things-s4-delhi-crime-s2-masaba-masaba-2-most-anticipated-upcoming-sequels-2022-05-26-779564,"May 26, 2022 15:57 IST",Stranger Things S4 to Delhi Crime S2 and Masaba Masaba 2: Most anticipated upcoming sequels
142,https://www.indiatvnews.com/entertainment/ott/netflix-chief-says-squid-game-money-heist-could-come-from-india-next-2022-03-12-763930,"March 12, 2022 6:31 IST","Netflix chief says Squid Game, Money Heist could come from India next"
143,https://www.indiatvnews.com/crime/delhi-couple-chops-elderly-woman-into-pieces-dumps-body-in-najafgarh-drain-delhi-police-latest-updates-719276,"July 14, 2021 17:56 IST","Delhi: Couple chops elderly woman into pieces, dumps body in drain and then a shocking twist"
144,https://www.indiatvnews.com/video/news/delhi-police-seizes-350-kg-of-heroin-worth-rs-2-500-crore-4-arrested-718263,"News | July 10, 2021 17:04 IST","Delhi Police seizes 350 kg of heroin worth Rs 2,500 crore, 4 arrested"
145,https://www.indiatvnews.com/news/india/three-juveniles-apprehended-stabbing-man-outer-delhi-crime-news-latest-updates-715004,"India | June 27, 2021 12:35 IST",Three juveniles apprehended for stabbing man in outer Delhi
146,https://www.indiatvnews.com/entertainment/celebrities/shefali-shah-reveals-she-rejected-bollywood-biggies-like-kapoor-and-sons-neerja-in-insta-q-a-session-710836,"Celebrities | June 10, 2021 22:58 IST","Shefali Shah reveals she rejected Bollywood biggies like 'Kapoor and Sons', 'Neerja' in Q&A session"
147,https://www.indiatvnews.com/crime/man-arrested-minor-apprehended-in-mayur-vihar-alleged-murder-case-700269,"April 25, 2021 8:43 IST","Man arrested, minor apprehended in Mayur Vihar alleged murder case"
148,https://www.indiatvnews.com/entertainment/celebrities/delhi-crime-actress-shefali-shah-opens-up-on-what-terrifies-her-697674,"Celebrities | April 14, 2021 13:34 IST",'Delhi Crime' actress Shefali Shah opens up on what terrifies her
149,https://www.indiatvnews.com/crime/delhi-police-nab-criminal-recover-16-lakh-cash-weapons-696537,"April 09, 2021 13:43 IST","Delhi cops recover 16 lakh cash, several weapons from criminal"
150,https://www.indiatvnews.com/crime/delhi-two-wanted-criminals-60-cases-arrested-robbery-snatching-murder-695001,"April 02, 2021 12:27 IST",Two criminals wanted in over 60 cases arrested in Delhi
151,https://www.indiatvnews.com/video/crime/delhi-based-builder-arrested-tries-to-kill-in-laws-with-slow-poison-thallium-693482,"Crime | March 25, 2021 17:06 IST","Delhi-based builder arrested, tries to kill in-laws with slow poison 'Thallium'"
152,https://www.indiatvnews.com/crime/delhi-gtb-hospital-encounter-kuldeep-fajja-delhi-police-crime-latest-updates-693438,"March 25, 2021 15:30 IST","Criminals attack police team outside Delhi hospital to free companion, 1 killed in encounter"
153,https://www.indiatvnews.com/video/news/delhi-businessman-serves-deadly-fish-dish-to-kill-wife-and-in-laws-693435,"News | March 25, 2021 14:40 IST",Delhi: Businessman serves 'deadly' fish dish to kill wife and in-laws
154,https://www.indiatvnews.com/crime/delhi-businessman-cooks-thallium-mixed-fish-kills-in-laws-crime-latest-news-updates-693417,"March 25, 2021 16:24 IST","Delhi businessman serves 'deadly' fish dish to kill sister and mother-in-law, wife in coma"
155,https://www.indiatvnews.com/entertainment/celebrities/delhi-crime-turns-2-rasika-dugal-shares-video-shefali-shah-says-feel-empowered-to-be-part-of-this-show-692773,"Celebrities | March 22, 2021 20:59 IST",Delhi Crime turns 2: Rasika Dugal shares video; Shefali Shah says 'feel empowered to be part of it'
156,https://www.indiatvnews.com/crime/delhi-rice-puller-scam-busted-by-crime-branch-3-arrested-691935,"March 18, 2021 19:23 IST","Delhi: 'Rice Puller' scam busted by Crime Branch, 3 arrested"
157,https://www.indiatvnews.com/video/news/aaj-ka-viral-elderly-woman-dies-after-son-slaps-her-691637,"News | March 17, 2021 15:24 IST",Aaj Ka Viral: Elderly woman dies after son slaps her
158,https://www.indiatvnews.com/entertainment/celebrities/delhi-crime-fame-shefali-shah-ready-to-play-alien-juliet-or-sofa-as-long-as-it-challenges-me-688849,"Celebrities | March 04, 2021 21:34 IST","Delhi Crime fame Shefali Shah: Ready to play alien, Juliet, or sofa as long as it challenges me"
159,https://www.indiatvnews.com/news/india/delhi-burari-republic-day-violence-accused-arrested-684585,"India | February 13, 2021 12:35 IST",Delhi: 3 more arrested in connection with Republic Day violence
160,https://www.indiatvnews.com/crime/chinese-loan-apps-racket-busted-in-delhi-chinese-national-arrested-latest-news-678379,"January 15, 2021 20:55 IST","China's dirty business exposed: 12, including 2 Chinese nationals, arrested in loan app case"
161,https://www.indiatvnews.com/crime/delhi-man-kills-friend-roams-with-body-on-scooter-before-dumping-it-674938,"December 30, 2020 14:17 IST","Delhi: Man kills friend, roams with body on scooter before dumping it"
162,https://www.indiatvnews.com/entertainment/news/year-ender-2020-pratik-gandhi-pankaj-tripathi-the-undisputed-stars-of-ott-673113,"December 22, 2020 12:58 IST","Year Ender 2020: Pratik Gandhi, Pankaj Tripathi, the undisputed stars of OTT"
163,https://www.indiatvnews.com/crime/caught-on-camera-delhi-man-shot-dead-full-public-view-in-rohini-murder-case-669654,"December 06, 2020 15:01 IST","Delhi: Man murdered in full public view in Rohini, incident caught on cam"
164,https://www.indiatvnews.com/entertainment/celebrities/delhi-crime-a-turning-point-in-my-life-my-career-shefali-shah-667202,"Celebrities | November 25, 2020 6:26 IST","'Delhi Crime' a turning point in my life, my career: Shefali Shah"
165,https://www.indiatvnews.com/entertainment/web-series/who-is-richie-mehta-who-won-first-international-emmy-for-india-667157,"Web Series | November 24, 2020 19:43 IST","Who is Richie Mehta, who won first International Emmy for India?"
166,https://www.indiatvnews.com/entertainment/celebrities/bollywood-congratulates-team-delhi-crime-on-international-emmy-win-667106,"Celebrities | November 24, 2020 16:47 IST",Bollywood congratulates team 'Delhi Crime' on International Emmy win
167,https://www.indiatvnews.com/entertainment/news/delhi-crime-wins-international-emmy-for-best-drama-series-666984,"November 24, 2020 7:56 IST",'Delhi Crime' wins International Emmy for Best Drama Series
168,https://www.indiatvnews.com/entertainment/web-series/netflix-s-delhi-crime-wins-best-drama-series-in-international-emmy-awards-2020-666970,"Web Series | November 23, 2020 23:32 IST",Netflix's 'Delhi Crime' wins Best Drama series in International Emmy Awards 2020
169,https://www.indiatvnews.com/crime/delhi-man-shoots-person-dead-in-dwarka-takes-photo-of-body-before-fleeing-watch-video-660350,"October 27, 2020 22:35 IST","Delhi: Man shoots person dead in Dwarka, takes photo of body before fleeing - WATCH"
170,https://www.indiatvnews.com/news/india/delhi-rahul-rajput-murder-woman-tried-to-save-was-present-at-spot-655996,"India | October 11, 2020 9:31 IST",Rahul Rajput's murder: Family says woman was present at spot and even tried to save him
171,https://www.indiatvnews.com/video/news/rahul-rajput-death-case-manish-sisodia-announces-10l-compensation-655978,"News | October 11, 2020 8:25 IST",Rahul Rajput death case: Manish Sisodia announces ₹10L compensation
172,https://www.indiatvnews.com/crime/man-kills-another-for-passing-lewd-comments-on-wife-655216,"October 07, 2020 22:01 IST",Man kills another for passing lewd comments on wife
173,https://www.indiatvnews.com/entertainment/news/delhi-crime-arjun-mathur-nominated-for-2020-international-emmy-awards-651908,"September 24, 2020 18:25 IST","'Delhi Crime', Arjun Mathur nominated for 2020 International Emmy Awards"
174,https://www.indiatvnews.com/crime/delhi-couple-harassed-drunk-men-paschim-vihar-viral-video-647151,"September 04, 2020 13:26 IST","Delhi couple harassed, threatened by drunk men; accused arrested after video goes viral"
175,https://www.indiatvnews.com/crime/delhi-man-gets-extortion-call-asking-for-rs-5-crore-caller-gives-death-threat-637436,"July 27, 2020 13:36 IST","Delhi man gets extortion call asking for Rs 5 crore, caller gives death threat"
176,https://www.indiatvnews.com/entertainment/news/delhi-crime-mardaani-2-most-riskiest-web-searches-in-india-report-628502,"June 23, 2020 13:17 IST","Delhi Crime, Mardaani 2 most riskiest web searches in India: Report"
177,https://www.indiatvnews.com/entertainment/web-series/shefali-shah-feels-delhi-crime-harnessed-strength-of-being-able-to-catch-culprits-not-pain-571944,"Web Series | December 17, 2019 16:46 IST","Shefali Shah feels 'Delhi Crime' harnessed strength of being able to catch culprits, not pain"
178,https://www.indiatvnews.com/crime/rohini-dead-bodies-recovered-in-car-bullet-injuries-doctors-corpse-568648,"December 04, 2019 15:39 IST",Bullet-ridden bodies of doctors recovered from car in Delhi's Rohini
179,https://www.indiatvnews.com/crime/delhi-husband-shoots-wife-throws-body-on-road-567085,"November 28, 2019 7:08 IST","Delhi: Man shoots wife over frequent quarrels, throws body on road"
180,https://www.indiatvnews.com/news/india/delhi-declared-india-crime-capital-with-over-1900-rape-cases-year-566562,"India | November 26, 2019 10:07 IST",Delhi declared India's 'crime capital' with over 1900 rape cases in a year
181,https://www.indiatvnews.com/crime/one-arrested-for-double-murder-in-west-delhi-557967,"October 21, 2019 16:33 IST",One arrested for double-murder in west Delhi
182,https://www.indiatvnews.com/crime/delhi-four-held-for-smashing-judge-car-window-fleeing-with-bag-557830,"October 21, 2019 7:00 IST","Delhi: 4 held for smashing judge's car window, fleeing with bag"
183,https://www.indiatvnews.com/crime/criminal-carrying-reward-of-rs-1-lakh-arrested-by-police-encounter-557194,"October 18, 2019 6:40 IST",Delhi: Criminal carrying reward of Rs 1 lakh arrested after encounter
184,https://www.indiatvnews.com/crime/minor-boy-stabbed-to-death-by-juveniles-in-delhi-551653,"September 23, 2019 9:35 IST",Minor boy stabbed to death by juveniles in Delhi
185,https://www.indiatvnews.com/crime/44-year-old-businessman-shot-dead-delhi-s-jyoti-nagar-550219,"September 17, 2019 15:40 IST",44-year-old businessman shot dead in Delhi's Jyoti Nagar
186,https://www.indiatvnews.com/crime/youth-stabbed-to-death-in-west-delhi-545050,"August 27, 2019 8:16 IST","Youth stabbed to death in West Delhi, three held"
187,https://www.indiatvnews.com/crime/delhi-dwarka-car-theft-snatching-incident-bob-marley-fan-arrested-tattoo-on-hand-544385,"August 23, 2019 20:29 IST","Released from jail, 22-year-old Bob Marley fan arrested for car theft in Delhi's Dwarka"
188,https://www.indiatvnews.com/crime/delhi-crime-king-dhanajay-barood-wanted-in-65-cases-arrested-delhi-police-542866,"August 16, 2019 20:39 IST","Dhananjay Barood, wanted by Delhi Police in over 65 criminal cases, arrested"
189,https://www.indiatvnews.com/crime/delhi-school-minor-girls-rape-sweeper-arrested-molestation-swati-maliwal-542431,"August 14, 2019 18:56 IST",Delhi: 4 minor girls complain of repeated rape inside school premises; Swati Maliwal questions security
190,https://www.indiatvnews.com/crime/delhi-man-gouges-out-eyes-of-minor-sister-over-purchase-of-dress-worth-rs-100-542196,"August 13, 2019 18:09 IST","Delhi: Angry over purchase of 100-rupee dress, man gouges out minor sister's eyes"
191,https://www.indiatvnews.com/crime/delhi-chain-snatching-incident-video-anand-vihar-cctv-footage-bike-borne-miscreants-541064,"August 08, 2019 10:20 IST","Delhi: Bike-borne miscreants snatch woman's chain, flee as vendors attempt to obstruct | Video"
192,https://www.indiatvnews.com/crime/boy-beaten-to-death-for-stealing-in-delhi-538414,"July 27, 2019 12:04 IST","Delhi: 16-year-old caught stealing in Adarsh Nagar area, lynched"
193,https://www.indiatvnews.com/crime/15-year-old-murder-delhi-captured-cctv-video-537046,"July 22, 2019 8:06 IST","15-year-old stabbed to death in Delhi, CCTV captures horrific murder"
194,https://www.indiatvnews.com/crime/former-dig-daughter-molested-in-noida-accused-held-535756,"July 17, 2019 7:10 IST","Former DIG's daughter molested in Noida, accused held"
195,https://www.indiatvnews.com/crime/delhi-17-year-old-stabbed-to-death-by-miscreants-534698,"July 12, 2019 20:13 IST",Delhi: 17-year-old stabbed to death by miscreants
196,https://www.indiatvnews.com/crime/news-delhi-man-kills-friend-to-marry-his-wife-throws-body-on-rail-track-530255,"June 26, 2019 12:14 IST","Delhi man kills friend to marry his wife, throws body on rail track"
197,https://www.indiatvnews.com/news/india-vasant-vihar-triple-murder-may-have-been-carried-out-by-duo-known-to-nursing-attendant-police-529911,"India | June 25, 2019 7:01 IST",Delhi: Vasant Vihar triple murder may have been carried out by duo known to nursing attendant
198,https://www.indiatvnews.com/news/india-delhi-police-arvind-kejriwal-delhi-murders-triple-murder-case-529578,"India | June 24, 2019 8:32 IST","Both cases solved, accused arrested: Delhi Police responds to Kejriwal's security concern over murders"
199,https://www.indiatvnews.com/crime/news-triple-murder-case-in-delhi-vasant-vihar-elderly-couple-domestic-help-found-dead-529449,"June 23, 2019 13:55 IST","Another triple murder rocks Delhi; elderly couple, maid found dead in Vasant Vihar"
200,https://www.indiatvnews.com/crime/news-ladies-tailor-stabs-woman-after-confronts-over-indecent-comments-528579,"June 20, 2019 6:44 IST",Ladies tailor stabs woman after she confronts him over indecent comments
201,https://www.indiatvnews.com/news/india-rave-party-busted-delhi-chattarpur-525841,"India | June 09, 2019 10:30 IST",Rave party busted in Delhi's Chattarpur
202,https://www.indiatvnews.com/crime/news-delhi-woman-minor-son-found-dead-at-residence-in-prem-nagar-523737,"May 31, 2019 8:50 IST","Delhi: Woman, minor son found dead at their residence in Prem Nagar"
203,https://www.indiatvnews.com/crime/news-delhi-32-year-old-arrested-for-killing-tiktok-celebrity-mohit-mor-523509,"May 30, 2019 9:31 IST","Delhi: Hiding in a secret cellar, 32-year-old arrested for killing TikTok celebrity Mohit Mor"
204,https://www.indiatvnews.com/crime/news-delhi-34-year-old-woman-arrested-for-posing-as-crime-branch-officer-duping-people-522967,"May 28, 2019 9:00 IST",Delhi: 34-year-old woman arrested for posing as crime branch officer
205,https://www.indiatvnews.com/crime/news-delhi-robbery-lift-in-car-522964,"May 28, 2019 8:15 IST",Delhi: 2 arrested for robbing couple after offering them lift in car
206,https://www.indiatvnews.com/crime/news-juvenile-arrested-killing-gym-trainer-delhi-najafgarh-522388,"May 25, 2019 7:44 IST",Juvenile arrested for killing gym trainer in Delhi's Najafgarh
207,https://www.indiatvnews.com/crime/news-delhi-domestic-help-arrested-robbing-jewellery-worth-rs-15-lakh-70-000-cash-521170,"May 20, 2019 8:15 IST","Delhi: Domestic help arrested for robbing jewellery worth Rs 15 lakh, 70,000 cash"
208,https://www.indiatvnews.com/crime/news-delhi-woman-stabbed-four-times-in-chest-by-neighbour-mental-health-of-accused-under-probe-520801,"May 18, 2019 8:12 IST","Delhi: Woman stabbed four times in chest by neighbour, mental health of accused under probe"
209,https://www.indiatvnews.com/crime/news-delhi-food-delivery-man-robs-elderly-woman-of-cash-jewellery-519105,"May 10, 2019 7:09 IST","Delhi: Food delivery man, his accomplice rob elderly woman of Rs 5.30 lakh cash, jewellery; arrested"
210,https://www.indiatvnews.com/crime/news-delhi-man-donning-khaki-uniform-posing-as-crpf-jawan-held-at-metro-station-516864,"April 28, 2019 13:21 IST","Man donning khaki uniform, posing as CRPF jawan held at Delhi metro"
211,https://www.indiatvnews.com/crime/news-delhi-52-year-old-wife-of-former-iaf-wing-commander-found-dead-at-home-robbery-suspected-516809,"April 28, 2019 6:09 IST",Delhi: 52-year-old wife of former IAF wing commander found dead at home; robbery suspected
212,https://www.indiatvnews.com/crime/news-delhi-27-year-old-divorcee-raped-on-pretext-of-marriage-accused-at-large-516683,"April 27, 2019 8:18 IST","Delhi: 27-year-old divorcee raped on pretext of marriage, accused at large"
213,https://www.indiatvnews.com/crime/news-wanted-criminal-arrested-after-four-months-in-delhi-515941,"April 23, 2019 7:02 IST",Wanted criminal arrested after four months in Delhi
214,https://www.indiatvnews.com/crime/news-delhi-46-year-old-man-attacked-with-axe-after-quarrel-over-pet-dog-513516,"April 10, 2019 6:49 IST","Delhi: 46-year-old man attacked with axe after quarrel over pet dog, dies"
215,https://www.indiatvnews.com/crime/news-delhi-19-year-old-man-arrested-for-firing-at-woman-robbing-her-of-rs-5-lakh-513315,"April 09, 2019 7:11 IST","Delhi: 19-year-old man arrested for firing at woman, robbing her of Rs 5 lakh"
216,https://www.indiatvnews.com/news/india-delhi-man-killed-after-he-asks-26-year-old-to-return-borrowed-money-accused-arrested-511006,"India | March 27, 2019 7:27 IST",Delhi: Man killed after he asks 26-year-old to return borrowed money; accused arrested
217,https://www.indiatvnews.com/news/india-delhi-locked-inside-house-for-two-days-45-year-old-woman-found-dead-in-bathroom-510601,"India | March 25, 2019 7:16 IST","Delhi: Locked inside house for two days, 45-year-old woman found dead in bathroom"
218,https://www.indiatvnews.com/entertainment/web-series-netflix-web-series-delhi-crime-may-help-revive-talk-on-public-safety-510292,"Web Series | March 22, 2019 14:39 IST",Netflix web series Delhi Crime may help revive talk on public safety
219,https://www.indiatvnews.com/news/india-53-year-woman-dragged-and-robbed-in-broad-daylight-in-delhi-janakpuri-incident-caught-on-cctv-508680,"India | March 12, 2019 13:44 IST","53-year-old woman dragged, robbed by bike-borne men in Delhi's Janakpuri; people watch but no one helps"
220,https://www.indiatvnews.com/news/india-delhi-four-held-for-killing-25-year-old-woman-to-implicate-others-507456,"India | March 05, 2019 9:35 IST",Delhi: Four held for killing 25-year-old woman to implicate others
221,https://www.indiatvnews.com/news/india-delhi-crime-live-in-couple-murder-uber-driver-dump-body-parts-in-drain-502916,"India | February 05, 2019 16:01 IST","Delhi: Live-in couple kills Uber driver, dump chopped body parts in drain"
222,https://www.indiatvnews.com/entertainment/web-series-delhi-crime-to-stream-on-netflix-from-march-22-501732,"Web Series | January 29, 2019 16:40 IST",Delhi Crime to stream on Netflix from March 22
223,https://www.indiatvnews.com/news/india-delhi-fashion-designer-servant-murder-vasant-kunj-latest-updates-482820,"India | November 15, 2018 10:51 IST","Delhi: Fashion designer, domestic help killed at Vasant Kunj house by tailor employed by her"
224,https://www.indiatvnews.com/delhi/news-body-of-minor-girl-found-in-trolley-bag-476785,"October 28, 2018 13:53 IST",Delhi: Body of minor girl found in trolley bag
225,https://www.indiatvnews.com/delhi/news-delhi-twin-murder-two-sisters-found-dead-at-their-paschim-vihar-residence-police-checking-cctv-footage-475908,"October 25, 2018 21:04 IST","Delhi twin murder: Two sisters found dead at their Paschim Vihar residence, police launch probe"
226,https://www.indiatvnews.com/news/india-delhi-teenage-boy-lynched-on-suspicion-of-being-thief-461453,"India | September 04, 2018 23:31 IST",Delhi: Teenage boy lynched on suspicion of being thief
227,https://www.indiatvnews.com/news/india-delhi-2-dead-6-injured-after-masked-men-go-on-stabbing-spree-in-mangolpuri-460688,"India | August 31, 2018 8:45 IST","Delhi: 2 dead, 6 injured after masked men go on stabbing spree in Mangolpuri"
228,https://www.indiatvnews.com/news/india-delhi-goons-flee-with-rs-44-lakh-after-firing-shots-two-seriously-injured-455407,"India | July 30, 2018 17:40 IST",Delhi: Goons flee with Rs 44 lakh after firing shots; two seriously injured
229,https://www.indiatvnews.com/news/india-burari-case-here-s-what-we-know-about-mysterious-death-of-11-members-of-same-family-450589,"India | July 02, 2018 14:54 IST",Burari case: Here's what we know about mysterious death of 11 members of same family
230,https://www.indiatvnews.com/news/india-burari-case-live-updated-religious-notes-hint-religious-reason-for-family-suicide-delhi-police-probe-450506,"India | July 02, 2018 6:59 IST","Burari case: 'Sabki soch ek jaisi honi chahiye', 10 notes hint at shocking reasons of 'family suicide'"
231,https://www.indiatvnews.com/news/india-delhi-mass-murder-suicide-case-live-updates-delhi-police-probe-11-family-members-found-dead-450400,"India | July 01, 2018 18:38 IST","11 members of a family found dead in a house in Delhi's Burari, Crime Branch to probe case"
232,https://www.indiatvnews.com/news/india-delhi-canadian-woman-raped-by-man-she-befriended-at-hauz-khas-pub-449879,"India | June 28, 2018 9:19 IST",Delhi: Canadian woman raped by man she befriended at Hauz Khas pub
233,https://www.indiatvnews.com/news/india-army-major-nikhil-handa-obsessed-with-shelja-dwivedi-murder-case-major-amit-dwivedi-449438,"India | June 26, 2018 12:07 IST","'Obsessed' Army Major Handa made 3,300 calls, messages to Shailja Dwivedi since January"
234,https://www.indiatvnews.com/news/india-timeline-of-army-major-wife-shelja-dwivedi-murder-case-major-handa-arrested-by-delhi-police-449290,"India | June 26, 2018 10:48 IST","Army Major's wife killed in Delhi: From unidentified body to nabbing culprit, here's what happened in last 48 hrs"
235,https://www.indiatvnews.com/news/india-delhi-major-handa-arrested-for-brutal-murder-of-major-diwedi-s-wife-449121,"India | June 25, 2018 6:22 IST",Delhi: Major Handa arrested for brutal murder of Major Dwivedi's wife
236,https://www.indiatvnews.com/news/india-army-major-s-friend-emerges-as-key-suspect-in-his-wife-s-murder-449099,"India | June 26, 2018 10:49 IST","Delhi Cantt murder case: Police uncover vital clues, Army Major emerges as key suspect"
237,https://www.indiatvnews.com/news/india-greater-noida-mall-lover-stabs-girl-to-death-448943,"India | June 23, 2018 15:22 IST","Jilted lover stabs 18-yr-old girl to death at Greater Noida mall, tries to kill self"
238,https://www.indiatvnews.com/news/india-delhi-encounter-live-updates-miscreants-open-fire-killed-injured-delhi-police-investigation-447915,"India | June 18, 2018 13:28 IST","Delhi gang war: Broad daylight encounter in national capital kills three, injures two others"
239,https://www.indiatvnews.com/news/india-kashmiri-family-including-4-women-thrashed-by-mob-in-delhi-s-sunlight-colony-441863,"India | May 12, 2018 7:53 IST","Kashmiri family, including 4 women, thrashed by mob in Delhi"
240,https://www.indiatvnews.com/video/news/triple-murder-over-property-dispute-at-delhi-s-model-town-area-439531,"News | April 27, 2018 11:36 IST",Triple murder over property dispute at Delhi's Model Town area
241,https://www.indiatvnews.com/video/news/delhi-three-of-a-family-murdered-over-property-dispute-in-model-town-area-439523,"News | April 27, 2018 10:54 IST",Delhi: Three of a family murdered over property dispute in Model Town area
242,https://www.indiatvnews.com/news/india-delhi-12-year-old-specially-abled-girl-raped-by-neighbour-family-receives-whatsapp-video-of-crime-three-held-438150,"India | April 18, 2018 13:22 IST","Delhi: 12-year-old specially-abled girl raped by neighbour, family receives WhatsApp video of crime; three held"
243,https://www.indiatvnews.com/video/news/gang-of-robbers-held-with-jewelleries-worth-crores-in-delhi-435597,"News | April 03, 2018 8:23 IST",Gang of robbers held with jewelleries worth crores in Delhi
244,https://www.indiatvnews.com/video/crime/man-stabbed-to-death-in-delhi-430958,"Crime | March 05, 2018 8:05 IST",Man stabbed to death in Delhi
245,https://www.indiatvnews.com/video/crime/gangster-shot-dead-at-delhi-s-dwarka-two-accused-held-427929,"Crime | February 15, 2018 8:27 IST","Gangster shot dead at Delhi's Dwarka, two accused held"
246,https://www.indiatvnews.com/video/news/girl-assaulted-on-bus-in-delhi-427425,"News | February 12, 2018 12:08 IST",Girl assaulted on bus in Delhi
247,https://www.indiatvnews.com/news/india-delhi-schocker-8-month-old-raped-by-28-year-old-cousin-battles-for-life-424924,"India | January 30, 2018 10:17 IST",Delhi shocker: 8-month-old raped by 28-year-old cousin; condition stable
248,https://www.indiatvnews.com/video/crime/two-youths-shot-at-in-delhi-424104,"Crime | January 25, 2018 11:40 IST",Two youths shot at in Delhi
249,https://www.indiatvnews.com/news/india-bike-borne-men-snatch-diplomat-eenam-gambhir-s-mobile-phone-in-new-delhi-418765,"India | December 25, 2017 18:00 IST",Bike-borne men snatch diplomat Eenam Gambhir’s mobile phone in New Delhi
250,https://www.indiatvnews.com/video/news/delhi-2-5-year-old-girl-dragged-on-after-being-hit-by-van-at-vasant-kunj-area-driver-absconding-409221,"News | October 30, 2017 14:06 IST","Delhi: 2.5 year old girl dragged on after being hit by van at Vasant Kunj area, driver absconding"
251,https://www.indiatvnews.com/video/crime/gunshots-fired-at-18-year-old-boy-in-delhi-police-suspects-personal-enmity-406488,"Crime | October 14, 2017 10:30 IST","Gunshots fired at 18-year-old boy in Delhi, police suspects personal enmity"
252,https://www.indiatvnews.com/video/crime/man-shot-dead-at-delhi-s-narela-during-attempted-robbery-406311,"Crime | October 13, 2017 8:49 IST",Man shot dead at Delhi's Narela during attempted robbery
253,https://www.indiatvnews.com/video/crime/woman-stabbed-to-death-at-kotla-mubarakpur-in-delhi-394202,"Crime | August 01, 2017 10:56 IST",Woman stabbed to death at Kotla Mubarakpur in Delhi
254,https://www.indiatvnews.com/video/news/delhi-mob-beats-eve-teaser-hands-him-over-to-police-sets-car-ablaze-394040,"News | July 31, 2017 10:13 IST","Delhi: Mob beats eve-teaser,hands him over to Police,sets car ablaze"
255,https://www.indiatvnews.com/video/crime/armed-robbers-loot-three-houses-in-delhi-s-kashmiri-colony-393401,"Crime | July 27, 2017 10:30 IST",Armed robbers loot three houses in Delhi's Kashmiri Colony
256,https://www.indiatvnews.com/video/crime/4-year-old-kid-raped-by-her-school-van-driver-in-delhi-accused-held-393389,"Crime | July 27, 2017 10:29 IST","4-year-old kid raped by her school van driver in Delhi, accused held"
257,https://www.indiatvnews.com/video/crime/delhi-man-kidnaps-kids-forces-their-mother-to-marry-him-held-392563,"Crime | July 22, 2017 11:05 IST","Delhi man kidnaps kids, forces their mother to marry him, held"
258,https://www.indiatvnews.com/video/news/doctor-abducted-in-delhi-by-ola-driver-found-in-meerut-4-held-392184,"News | July 20, 2017 8:57 IST","Doctor abducted in Delhi by Ola driver found in Meerut,4 held"
259,https://www.indiatvnews.com/video/news/delhi-chased-by-power-thieves-bses-engineer-dies-in-car-crash-391818,"News | July 18, 2017 15:17 IST","Delhi: Chased by 'power thieves' , BSES engineer dies in car crash"
260,https://www.indiatvnews.com/video/crime/man-shot-dead-in-delhi-391779,"Crime | July 18, 2017 10:44 IST",Man shot dead in Delhi
261,https://www.indiatvnews.com/video/crime/delhi-junior-kabaddi-player-accuses-coach-of-raping-her-391778,"Crime | July 18, 2017 10:44 IST",Delhi: Junior kabaddi player accuses coach of raping her
262,https://www.indiatvnews.com/video/crime/man-trying-to-snatch-mobile-phone-from-a-woman-beaten-to-death-by-mob-in-delhi-391141,"Crime | July 14, 2017 13:57 IST",Man trying to snatch mobile phone from a woman beaten to death by mob in Delhi.
263,https://www.indiatvnews.com/video/crime/woman-stabbed-to-death-at-her-residence-in-delhi-391125,"Crime | July 14, 2017 12:26 IST",Woman stabbed to death at her residence in Delhi
264,https://www.indiatvnews.com/video/news/delhi-police-bust-illegal-interstate-gun-trading-racket-recover-17-pistols-390913,"News | July 13, 2017 12:50 IST","Delhi police bust illegal interstate gun trading racket, recover 17 pistols"
265,https://www.indiatvnews.com/video/crime/jilted-lover-attacks-girl-with-a-knife-in-delhi-389719,"Crime | July 06, 2017 10:48 IST",Jilted lover attacks girl with a knife in Delhi
266,https://www.indiatvnews.com/video/news/cctv-man-arrested-for-demanding-ransom-from-businessman-in-delhi-389525,"News | July 05, 2017 12:22 IST",CCTV: Man arrested for demanding ransom from businessman in Delhi
267,https://www.indiatvnews.com/video/crime/delhi-man-held-for-running-bag-lifting-gang-of-minors-targeting-wedding-party-389363,"Crime | July 04, 2017 10:42 IST",Delhi: Man held for running bag-lifting gang of minors targeting wedding party
268,https://www.indiatvnews.com/video/crime/police-hunt-for-men-accused-of-raping-30-yr-old-rajasthani-woman-in-delhi-387186,"Crime | June 20, 2017 11:38 IST",Police hunt for men accused of raping 30-yr-old Rajasthani woman in Delhi
269,https://www.indiatvnews.com/video/crime/delhi-woman-kidnapped-in-gurugram-gangraped-in-a-moving-car-387166,"Crime | June 20, 2017 10:41 IST","Delhi: Woman kidnapped in Gurugram,gangraped in a moving car"
270,https://www.indiatvnews.com/video/crime/4-held-for-atm-loot-attempt-in-delhi-383160,"Crime | May 26, 2017 8:55 IST",4 held for ATM loot attempt in Delhi
271,https://www.indiatvnews.com/video/crime/delhi-woman-held-for-killing-husband-with-her-lover-382821,"Crime | May 24, 2017 8:55 IST",Delhi woman held for killing husband with her lover
272,https://www.indiatvnews.com/video/crime/girl-murdered-by-her-own-friends-at-her-residence-in-delhi-381749,"Crime | May 16, 2017 12:56 IST",Girl murdered by her own friends at her residence in Delhi
273,https://www.indiatvnews.com/video/crime/businessman-shot-dead-in-delhi-381703,"Crime | May 16, 2017 8:41 IST",Businessman shot dead in Delhi
274,https://www.indiatvnews.com/video/crime/sikkimese-girl-raped-by-three-in-a-moving-car-in-gurugram-381536,"Crime | May 15, 2017 9:24 IST",Sikkimese girl raped by three in a moving car in Gurugram
275,https://www.indiatvnews.com/video/crime/police-busts-gang-of-robbers-in-delhi-4-held-381112,"Crime | May 12, 2017 7:54 IST","Police busts gang of robbers in Delhi, 4 held"
276,https://www.indiatvnews.com/video/crime/delhi-businessman-shot-dead-for-objecting-against-loot-near-sarai-rohilla-police-station-379093,"Crime | April 28, 2017 8:59 IST",Delhi businessman shot dead for objecting against loot near Sarai Rohilla Police Station
277,https://www.indiatvnews.com/video/crime/thieves-loot-jewellery-and-cash-worth-rs-50-lakh-from-businessman-s-house-in-delhi-378010,"Crime | April 21, 2017 8:16 IST",Thieves loot jewellery and cash worth Rs 50 lakh from businessman's house in Delhi
278,https://www.indiatvnews.com/video/crime/man-found-dead-in-suv-at-jamia-nagar-area-of-delhi-377520,"Crime | April 18, 2017 11:43 IST",Man found dead in SUV at Jamia Nagar Area of Delhi
279,https://www.indiatvnews.com/video/news/deadly-attack-over-a-man-infront-of-police-in-delhi-377107,"News | April 14, 2017 15:10 IST",Deadly attack over a man infront of police in Delhi
280,https://www.indiatvnews.com/video/crime/delhi-chinese-food-shop-owner-killed-in-scuffle-2-held-372978,"Crime | March 18, 2017 10:15 IST","Delhi: Chinese food shop owner killed in scuffle, 2 held"
281,https://www.indiatvnews.com/video/crime/man-kills-wife-over-suspicion-of-extra-marital-affair-in-delhi-held-372828,"Crime | March 17, 2017 12:00 IST","Man kills wife over suspicion of extra-marital affair in Delhi, held"
282,https://www.indiatvnews.com/video/crime/3-bike-looters-held-in-delhi-372823,"Crime | March 17, 2017 12:00 IST",3 bike looters held in Delhi
283,https://www.indiatvnews.com/video/crime/woman-gangraped-by-five-in-delhi-jumps-from-first-floor-to-escape-372363,"Crime | March 14, 2017 12:13 IST",Woman gangraped by five in Delhi jumps from first floor to escape
284,https://www.indiatvnews.com/video/crime/delhi-man-attacks-teenage-girl-with-liquor-bottles-arrested-371412,"Crime | March 07, 2017 13:44 IST","Delhi: Man attacks teenage girl with liquor bottles, arrested"
285,https://www.indiatvnews.com/video/crime/two-men-set-fortuner-on-fire-to-avenge-road-rage-in-delhi-370806,"Crime | March 02, 2017 9:52 IST",Two men set fortuner on fire to avenge road rage in Delhi
